INSERT INTO `groups` (`group_id`, `group_name`, `group_create_date`) VALUES
(1, 'MIS', '2014-08-08 23:51:38'),
(2, 'Office Of F_Y', '2014-08-08 23:54:47'),
(3, 'Offices Of A_A', '2014-08-08 23:55:29'),
(4, 'Information', '2014-08-08 23:55:40'),
(5, 'Faculties', '2014-08-08 23:55:58'),
(6, 'Administration and P_O', '2014-08-08 23:56:30'),
(7, 'Book Shop', '2014-08-08 23:56:40'),
(8, 'Libraries', '2014-08-08 23:57:13'),
(9, 'Teachers', '2014-08-09 01:36:16');

INSERT INTO `users` (`user_id`, `user_name`, `password`, `group_id`, `is_enable`, `is_admin`, `user_create_date`) VALUES
(1, 'admin', '202cb962ac59075b964b07152d234b70', 1, 1, 1, '2014-08-08 23:51:38'),
(2, 'bbusrlypo', 'c33367701511b4f6020ec61ded352059', 8, 1, 0, '2014-08-09 01:12:38'),
(3, 'bbusrsan', 'e10adc3949ba59abbe56e057f20f883e', 4, 1, 0, '2014-08-09 01:13:17'),
(4, 'bbusrleak', 'e10adc3949ba59abbe56e057f20f883e', 8, 1, 0, '2014-08-09 01:13:48'),
(5, 'bbusroung', 'c33367701511b4f6020ec61ded352059', 5, 1, 0, '2014-08-09 01:47:37'),
(6, 'bbusrsoriya', 'c33367701511b4f6020ec61ded352059', 9, 1, 0, '2014-08-09 01:47:57'),
(7, 'bbusr', 'e10adc3949ba59abbe56e057f20f883e', 1, 1, 0, '2014-08-09 09:46:20');

INSERT INTO `categories` (`category_id`, `category_name`, `category_create_date`) VALUES
(1, 'Final Exam Result', '2014-08-08 23:51:38'),
(2, 'Reexam Result', '2014-08-09 00:03:02'),
(3, 'Final Exam List', '2014-08-09 00:03:17'),
(4, 'Reexam List', '2014-08-09 00:03:42'),
(5, 'Restudy List', '2014-08-09 00:04:07'),
(6, 'Career', '2014-08-09 00:04:22'),
(7, 'Payment Overdue', '2014-08-09 00:04:50'),
(8, 'Library', '2014-08-09 01:36:30');

INSERT INTO `files` (`file_id`, `file_name`, `file_type`, `file_path`, `full_path`, `raw_name`, `orig_name`, `client_name`, `file_ext`, `file_size`, `is_image`, `image_width`, `image_height`, `image_type`, `image_size_str`, `file_owner`, `file_upload_date`) VALUES
(1, '146eb0d1c7982133af836c562abea801.png', 'image/png', 'C:/Users/blue/Documents/GitHub/BBU/uploads/', 'C:/Users/blue/Documents/GitHub/BBU/uploads/146eb0d1c7982133af836c562abea801.png', '146eb0d1c7982133af836c562abea801', '2014-08-08_201607.png', '2014-08-08_201607.png', '.png', 274, 1, 660, 502, 'png', 'width="660" height="502"', 1, '2014-08-09 00:33:41'),
(2, '9797638363c72accc8c9008cb5d43b11.png', 'image/png', 'C:/Users/blue/Documents/GitHub/BBU/uploads/', 'C:/Users/blue/Documents/GitHub/BBU/uploads/9797638363c72accc8c9008cb5d43b11.png', '9797638363c72accc8c9008cb5d43b11', '2014-08-08_201453.png', '2014-08-08_201453.png', '.png', 381, 1, 662, 494, 'png', 'width="662" height="494"', 1, '2014-08-09 00:38:40'),
(3, '329bb3afb75652357e067d818460b9f9.pdf', 'application/pdf', 'C:/Users/blue/Documents/GitHub/BBU/uploads/', 'C:/Users/blue/Documents/GitHub/BBU/uploads/329bb3afb75652357e067d818460b9f9.pdf', '329bb3afb75652357e067d818460b9f9', 'exa-2.pdf', 'exa-2.pdf', '.pdf', 230, 0, 0, 0, '', '', 1, '2014-08-09 00:39:28'),
(4, '918f95f1f2f5f5ab40af696267964b59.pdf', 'application/pdf', 'C:/Users/blue/Documents/GitHub/BBU/uploads/', 'C:/Users/blue/Documents/GitHub/BBU/uploads/918f95f1f2f5f5ab40af696267964b59.pdf', '918f95f1f2f5f5ab40af696267964b59', 'exa-4.pdf', 'exa-4.pdf', '.pdf', 146, 0, 0, 0, '', '', 1, '2014-08-09 00:40:57'),
(5, '72a6c30d00aac1c49f28f1a4e00dc6e1.png', 'image/png', 'C:/Users/blue/Documents/GitHub/BBU/uploads/', 'C:/Users/blue/Documents/GitHub/BBU/uploads/72a6c30d00aac1c49f28f1a4e00dc6e1.png', '72a6c30d00aac1c49f28f1a4e00dc6e1', '2014-08-08_201802.png', '2014-08-08_201802.png', '.png', 119, 1, 662, 347, 'png', 'width="662" height="347"', 1, '2014-08-09 00:41:57'),
(6, '56975f060ff076fe857263e86bcb5032.png', 'image/png', 'C:/Users/blue/Documents/GitHub/BBU/uploads/', 'C:/Users/blue/Documents/GitHub/BBU/uploads/56975f060ff076fe857263e86bcb5032.png', '56975f060ff076fe857263e86bcb5032', '2014-08-08_201825.png', '2014-08-08_201825.png', '.png', 219, 1, 649, 567, 'png', 'width="649" height="567"', 1, '2014-08-09 00:42:10'),
(7, '559497cfe2bac73de1c7e8ba30748b71.png', 'image/png', 'C:/Users/blue/Documents/GitHub/BBU/uploads/', 'C:/Users/blue/Documents/GitHub/BBU/uploads/559497cfe2bac73de1c7e8ba30748b71.png', '559497cfe2bac73de1c7e8ba30748b71', '2014-08-08_201914.png', '2014-08-08_201914.png', '.png', 114, 1, 592, 641, 'png', 'width="592" height="641"', 1, '2014-08-09 00:42:29'),
(8, '007785a665651bff1c9e87db9026e6b4.png', 'image/png', 'C:/Users/blue/Documents/GitHub/BBU/uploads/', 'C:/Users/blue/Documents/GitHub/BBU/uploads/007785a665651bff1c9e87db9026e6b4.png', '007785a665651bff1c9e87db9026e6b4', '2014-08-09_074642.png', '2014-08-09_074642.png', '.png', 183, 1, 591, 649, 'png', 'width="591" height="649"', 1, '2014-08-09 00:47:50'),
(9, 'bf77b64d1256eae90a905beb100fc90a.png', 'image/png', 'C:/Users/blue/Documents/GitHub/BBU/uploads/', 'C:/Users/blue/Documents/GitHub/BBU/uploads/bf77b64d1256eae90a905beb100fc90a.png', 'bf77b64d1256eae90a905beb100fc90a', '2014-08-09_074902.png', '2014-08-09_074902.png', '.png', 30, 1, 643, 629, 'png', 'width="643" height="629"', 1, '2014-08-09 00:51:19'),
(11, '93793e0eb27b59b0490252355ea64e90.png', 'image/png', 'C:/Users/blue/Documents/GitHub/BBU/uploads/', 'C:/Users/blue/Documents/GitHub/BBU/uploads/93793e0eb27b59b0490252355ea64e90.png', '93793e0eb27b59b0490252355ea64e90', '2014-08-09_075446.png', '2014-08-09_075446.png', '.png', 189, 1, 671, 382, 'png', 'width="671" height="382"', 1, '2014-08-09 00:58:48'),
(12, '9ab4ec14b7314ef05cef5bbd125db91b.png', 'image/png', 'C:/Users/blue/Documents/GitHub/BBU/uploads/', 'C:/Users/blue/Documents/GitHub/BBU/uploads/9ab4ec14b7314ef05cef5bbd125db91b.png', '9ab4ec14b7314ef05cef5bbd125db91b', '2014-08-09_075513.png', '2014-08-09_075513.png', '.png', 271, 1, 621, 522, 'png', 'width="621" height="522"', 1, '2014-08-09 00:58:48'),
(13, '91aa7e71fe92c8c78527e81758c9d0d7.png', 'image/png', 'C:/Users/blue/Documents/GitHub/BBU/uploads/', 'C:/Users/blue/Documents/GitHub/BBU/uploads/91aa7e71fe92c8c78527e81758c9d0d7.png', '91aa7e71fe92c8c78527e81758c9d0d7', '2014-08-09_075656.png', '2014-08-09_075656.png', '.png', 449, 1, 597, 465, 'png', 'width="597" height="465"', 1, '2014-08-09 01:01:27'),
(14, '2522bd4aa56a99a8ac6d4467afd23b46.png', 'image/png', 'C:/Users/blue/Documents/GitHub/BBU/uploads/', 'C:/Users/blue/Documents/GitHub/BBU/uploads/2522bd4aa56a99a8ac6d4467afd23b46.png', '2522bd4aa56a99a8ac6d4467afd23b46', '1.png', '1.png', '.png', 20, 1, 664, 493, 'png', 'width="664" height="493"', 1, '2014-08-09 01:03:36'),
(15, '9ff9322262905f558cd83d3113cfbc6f.png', 'image/png', 'C:/Users/blue/Documents/GitHub/BBU/uploads/', 'C:/Users/blue/Documents/GitHub/BBU/uploads/9ff9322262905f558cd83d3113cfbc6f.png', '9ff9322262905f558cd83d3113cfbc6f', '2.png', '2.png', '.png', 16, 1, 664, 549, 'png', 'width="664" height="549"', 1, '2014-08-09 01:03:49'),
(16, '98f3edca31e0a29b04b5f295e819e789.png', 'image/png', 'C:/Users/blue/Documents/GitHub/BBU/uploads/', 'C:/Users/blue/Documents/GitHub/BBU/uploads/98f3edca31e0a29b04b5f295e819e789.png', '98f3edca31e0a29b04b5f295e819e789', '3.png', '3.png', '.png', 17, 1, 665, 545, 'png', 'width="665" height="545"', 1, '2014-08-09 01:04:01'),
(17, 'fb82e501ca8a796f6d23ee95ca9512f7.png', 'image/png', 'C:/Users/blue/Documents/GitHub/BBU/uploads/', 'C:/Users/blue/Documents/GitHub/BBU/uploads/fb82e501ca8a796f6d23ee95ca9512f7.png', 'fb82e501ca8a796f6d23ee95ca9512f7', '2014-08-08_195017.png', '2014-08-08_195017.png', '.png', 13, 1, 663, 488, 'png', 'width="663" height="488"', 1, '2014-08-09 01:04:45'),
(18, 'cd7e958631f47f15e60fc0c33c2e7d02.png', 'image/png', 'C:/Users/blue/Documents/GitHub/BBU/uploads/', 'C:/Users/blue/Documents/GitHub/BBU/uploads/cd7e958631f47f15e60fc0c33c2e7d02.png', 'cd7e958631f47f15e60fc0c33c2e7d02', '2014-08-08_195640.png', '2014-08-08_195640.png', '.png', 863, 1, 710, 459, 'png', 'width="710" height="459"', 1, '2014-08-09 01:06:48'),
(19, '5ad02e336a1713246b942a1aa071b420.jpg', 'image/jpeg', 'C:/Users/blue/Documents/GitHub/BBU/uploads/', 'C:/Users/blue/Documents/GitHub/BBU/uploads/5ad02e336a1713246b942a1aa071b420.jpg', '5ad02e336a1713246b942a1aa071b420', '10441309_312975395525944_1538899127298501671_n.jpg', '10441309_312975395525944_1538899127298501671_n.jpg', '.jpg', 84, 1, 960, 637, 'jpeg', 'width="960" height="637"', 1, '2014-08-09 01:06:48'),
(20, 'f0b6850d4f5faa3c8ceb97836c85a898.png', 'image/png', 'C:/Users/blue/Documents/GitHub/BBU/uploads/', 'C:/Users/blue/Documents/GitHub/BBU/uploads/f0b6850d4f5faa3c8ceb97836c85a898.png', 'f0b6850d4f5faa3c8ceb97836c85a898', '2014-08-09_080932.png', '2014-08-09_080932.png', '.png', 338, 1, 597, 669, 'png', 'width="597" height="669"', 1, '2014-08-09 01:10:09'),
(21, '0b7c1425cea3a554bb7e9ea4b402c9bd.png', 'image/png', 'C:/Users/blue/Documents/GitHub/BBU/uploads/', 'C:/Users/blue/Documents/GitHub/BBU/uploads/0b7c1425cea3a554bb7e9ea4b402c9bd.png', '0b7c1425cea3a554bb7e9ea4b402c9bd', '2014-08-09_075446.png', '2014-08-09_075446.png', '.png', 189, 1, 671, 382, 'png', 'width="671" height="382"', 4, '2014-08-09 01:15:35'),
(22, '4a38c26a4499852f36d7d3ceb852d190.png', 'image/png', 'C:/Users/blue/Documents/GitHub/BBU/uploads/', 'C:/Users/blue/Documents/GitHub/BBU/uploads/4a38c26a4499852f36d7d3ceb852d190.png', '4a38c26a4499852f36d7d3ceb852d190', '2014-08-08_092415.png', '2014-08-08_092415.png', '.png', 88, 1, 482, 625, 'png', 'width="482" height="625"', 6, '2014-08-09 01:50:45'),
(23, '4f5e38f0757853c0787164805f56d2cc.jpg', 'image/jpeg', 'C:/Users/blue/Documents/GitHub/BBU/uploads/', 'C:/Users/blue/Documents/GitHub/BBU/uploads/4f5e38f0757853c0787164805f56d2cc.jpg', '4f5e38f0757853c0787164805f56d2cc', 'bbusr.jpg', 'bbusr.jpg', '.jpg', 1487, 1, 2480, 3292, 'jpeg', 'width="2480" height="3292"', 2, '2014-08-09 02:23:40'),
(24, '54458c716512f4fcc54eb08b5e72d0c3.png', 'image/png', 'C:/Users/blue/Documents/GitHub/BBU/uploads/', 'C:/Users/blue/Documents/GitHub/BBU/uploads/54458c716512f4fcc54eb08b5e72d0c3.png', '54458c716512f4fcc54eb08b5e72d0c3', '2014-08-09_121459.png', '2014-08-09_121459.png', '.png', 146, 1, 803, 537, 'png', 'width="803" height="537"', 1, '2014-08-09 05:16:34'),
(25, '8bd68a8164925646a781b303329dbc19.png', 'image/png', 'C:/Users/blue/Documents/GitHub/BBU/uploads/', 'C:/Users/blue/Documents/GitHub/BBU/uploads/8bd68a8164925646a781b303329dbc19.png', '8bd68a8164925646a781b303329dbc19', '2014-08-09_121538.png', '2014-08-09_121538.png', '.png', 714, 1, 675, 618, 'png', 'width="675" height="618"', 1, '2014-08-09 05:16:42'),
(26, 'aa838134f78a0be88bed10724298c8ac.png', 'image/png', 'C:/Users/blue/Documents/GitHub/BBU/uploads/', 'C:/Users/blue/Documents/GitHub/BBU/uploads/aa838134f78a0be88bed10724298c8ac.png', 'aa838134f78a0be88bed10724298c8ac', '2014-08-09_122121.png', '2014-08-09_122121.png', '.png', 243, 1, 629, 454, 'png', 'width="629" height="454"', 1, '2014-08-09 05:23:15'),
(27, 'd9c2475127e6bcfeefcb91da5124fdf1.png', 'image/png', 'C:/Users/blue/Documents/GitHub/BBU/uploads/', 'C:/Users/blue/Documents/GitHub/BBU/uploads/d9c2475127e6bcfeefcb91da5124fdf1.png', 'd9c2475127e6bcfeefcb91da5124fdf1', '2014-08-09_122137.png', '2014-08-09_122137.png', '.png', 295, 1, 605, 416, 'png', 'width="605" height="416"', 1, '2014-08-09 05:23:21'),
(28, '05866649e2452c1acf07a3f74f1d851a.png', 'image/png', 'C:/Users/blue/Documents/GitHub/BBU/uploads/', 'C:/Users/blue/Documents/GitHub/BBU/uploads/05866649e2452c1acf07a3f74f1d851a.png', '05866649e2452c1acf07a3f74f1d851a', '2014-08-09_123452.png', '2014-08-09_123452.png', '.png', 739, 1, 630, 545, 'png', 'width="630" height="545"', 1, '2014-08-09 05:35:47'),
(30, '15438eba0fc1673362ff63998b3f6206.jpg', 'image/jpeg', 'C:/Users/blue/Documents/GitHub/BBU/uploads/', 'C:/Users/blue/Documents/GitHub/BBU/uploads/15438eba0fc1673362ff63998b3f6206.jpg', '15438eba0fc1673362ff63998b3f6206', 'bbusr.jpg', 'bbusr.jpg', '.jpg', 1487, 1, 2480, 3292, 'jpeg', 'width="2480" height="3292"', 3, '2014-08-09 05:54:58'),
(31, 'ecafd2e67b1692f85f944eb49a593fda.png', 'image/png', 'C:/Users/blue/Documents/GitHub/BBU/uploads/', 'C:/Users/blue/Documents/GitHub/BBU/uploads/ecafd2e67b1692f85f944eb49a593fda.png', 'ecafd2e67b1692f85f944eb49a593fda', '2014-08-09_123452.png', '2014-08-09_123452.png', '.png', 739, 1, 630, 545, 'png', 'width="630" height="545"', 3, '2014-08-09 05:56:46'),
(32, 'f7eb13f8eb6298807ecdefa8d311f5b9.png', 'image/png', 'C:/Users/blue/Documents/GitHub/BBU/uploads/', 'C:/Users/blue/Documents/GitHub/BBU/uploads/f7eb13f8eb6298807ecdefa8d311f5b9.png', 'f7eb13f8eb6298807ecdefa8d311f5b9', '2014-08-09_121538.png', '2014-08-09_121538.png', '.png', 714, 1, 675, 618, 'png', 'width="675" height="618"', 1, '2014-08-09 09:38:53'),
(33, 'c50e9b3b47446213b36ba34592a28b5c.pdf', 'application/pdf', 'C:/Users/blue/Documents/GitHub/BBU/uploads/', 'C:/Users/blue/Documents/GitHub/BBU/uploads/c50e9b3b47446213b36ba34592a28b5c.pdf', 'c50e9b3b47446213b36ba34592a28b5c', 'Vission.pdf', 'Vission.pdf', '.pdf', 452, 0, 0, 0, '', '', 1, '2014-08-09 09:44:12');

INSERT INTO `posts` (`post_id`, `post_title`, `post_type`, `post_description`, `post_date`, `owner`, `category_id`, `expire_date`, `is_enable`) VALUES
(1, 'Law and Social Sciences', 'IMAGE', NULL, '2014-08-09 00:33:41', 1, 2, '2014-08-31', 1),
(2, 'Hospitality', 'IMAGE', NULL, '2014-08-09 00:38:40', 1, 4, '2014-08-31', 1),
(3, 'Exam Result', 'PDF', NULL, '2014-08-09 00:39:28', 1, 3, '2014-08-31', 1),
(4, 'New Result Year 4', 'PDF', NULL, '2014-08-09 00:40:57', 1, 3, '2014-08-31', 1),
(5, 'About Libraries', 'IMAGE', NULL, '2014-08-09 00:41:57', 1, 7, '2014-08-31', 1),
(6, 'Job Announcenment', 'IMAGE', NULL, '2014-08-09 00:47:50', 1, 5, '2014-08-31', 1),
(7, 'Job Announcenment', 'IMAGE', NULL, '2014-08-09 00:51:19', 1, 5, '2014-08-31', 1),
(8, 'How To Borrow Book(BBU)', 'IMAGE', NULL, '2014-08-09 00:57:45', 1, 7, '2014-08-31', 1),
(9, 'GRADUATE', 'IMAGE', NULL, '2014-08-09 01:01:27', 1, 1, '2014-08-31', 1),
(10, 'Study Program', 'IMAGE', NULL, '2014-08-09 01:03:36', 1, 3, '2014-09-28', 1),
(11, 'Registration to day', 'IMAGE', NULL, '2014-08-09 01:06:48', 1, 3, '2014-08-31', 1),
(12, 'Book Shop', 'IMAGE', NULL, '2014-08-09 01:10:09', 1, 6, '2014-08-31', 1),
(13, 'adversiting', 'IMAGE', NULL, '2014-08-09 01:15:35', 4, 7, '2014-08-31', 1),
(14, 'Teacher Soriya', 'IMAGE', NULL, '2014-08-09 01:50:45', 6, 8, '2014-08-31', 1),
(15, 'Study Today With BBU', 'IMAGE', NULL, '2014-08-09 02:23:39', 2, 3, '2014-08-31', 1),
(16, 'BBU Report 2013-2014', 'IMAGE', NULL, '2014-08-09 05:16:34', 1, 8, '2014-08-31', 1),
(17, 'Calendar', 'IMAGE', NULL, '2014-08-09 05:23:15', 1, 1, '2014-08-31', 1),
(18, 'Message from Head of Department Foundation Year', 'TEXT', 'In fact, research is unlimited, "on education is no word that the ISP is the only word that only better." Therefore, a study is successful, it is the foundation upon which we grow strong is whether it is how deep and quality. By thinking about the growth and sustainability The sustainable academic students, the Department straighten Foundation Year of Build Bright University was established along the announced number 1491 the letters dated 13 October 2005 of the Ministry of Education to provide a foundation of studies explore in the context of education colleges as well as universities, to provide capital to take a correct and clear in study after graduation Foundation year - department.\r\n\r\nAll students entering higher education selected its need to study a Foundation Year 2 by half in 01 semesters studying 05 subjects per study subjects were 45 hours, equivalent to 03 credits. Means a school year to study 10 subjects, which equals 30 credits. And subjects who studied the 10 front, this is the capital an important and necessary in the delivery of knowledge, skills and attitudes inside for being a nursery in a jam, knowledge, know-how and moral quality, and intellectual, sensory, time out rich social work full of the highly competitive region. Especially when doing clean-integration of ASEAN ASEAN Community in 2015, in the near future.\r\n\r\nDepartment straighten Foundation Year at Bright University provides convenience for students in choosing colleges of their choosing by university offers study 07 colleges (1-mm. Sec. Business management 2 mm. Sec. Educational and language 3-mm. Sec. Tourism and Hospitality 4-mm. Sec. Scientific and technical 5 mm. Sec. Engineering and architecture 6 mm. Sec. Law and Social Science 7 The. sec. economy) and has 07 branches capital - Province sensitive, such as (1-branch Siem Reap 2 provincial branches Ville 3-branch Ratanakiri province 4-branch Battambang 5 branches Takeo 6 branches, Banteay Meanchey province and 7 branches Treng province) for easement internships for students to become more easy and contribute to poverty reduction with the Cambodian government from implementing or nursery to close homes to students - students are able to study to everyone.\r\n\r\nLet''s study all students succeed at Build Bright University. Particular study in the Foundation Year, a strong foundation for steps toward taking up the year after a correct and clear, such as the university''s slogan "life education and brighter future by Bright."', '2014-08-09 05:29:23', 1, 8, '2014-08-31', 1),
(19, 'IT Group', 'IMAGE', NULL, '2014-08-09 05:35:46', 1, 3, '2014-08-31', 1),
(20, 'Welcome TO BBUSR', 'IMAGE', NULL, '2014-08-09 05:54:20', 3, 1, '2014-08-31', 1),
(21, 'Build Bright University', 'IMAGE', NULL, '2014-08-09 05:56:45', 3, 4, '2014-08-31', 1),
(22, 'Law and Social Sciences', 'IMAGE', NULL, '2014-08-09 09:38:53', 1, 4, '2014-09-09', 1),
(23, 'Vision', 'PDF', NULL, '2014-08-09 09:44:12', 1, 1, '2014-09-09', 1);

INSERT INTO `attachments` (`attachment_id`, `file_id`, `post_id`) VALUES
(1, 1, 1),
(2, 2, 2),
(3, 3, 3),
(4, 4, 4),
(5, 5, 5),
(6, 6, 5),
(7, 7, 5),
(8, 8, 6),
(9, 9, 7),
(11, 11, 8),
(12, 12, 8),
(13, 13, 9),
(14, 14, 10),
(15, 15, 10),
(16, 16, 10),
(17, 17, 10),
(18, 18, 11),
(19, 19, 11),
(20, 20, 12),
(21, 21, 13),
(22, 22, 14),
(23, 23, 15),
(24, 24, 16),
(25, 25, 16),
(26, 26, 17),
(27, 27, 17),
(28, 28, 19),
(30, 30, 20),
(31, 31, 21),
(32, 32, 22),
(33, 33, 23);

INSERT INTO `students` (`student_id`, `student_name`, `email`, `password`, `last_activity`, `is_enable`) VALUES
('SR00034', 'Chea Bunlay', NULL, '6d11291869bf393bf0f9f0326d55cb80', '2014-08-09 08:12:52', 1),
('SR00321', 'Riev Rith', NULL, '6d11291869bf393bf0f9f0326d55cb80', '2014-08-09 01:33:04', 1),
('SR00432', 'Chum Sovannthea', NULL, '6d11291869bf393bf0f9f0326d55cb80', '2014-08-09 02:59:14', 1),
('SR00543', 'Pin Marasatya', '089 875 733', '6d11291869bf393bf0f9f0326d55cb80', '2014-08-09 02:26:07', 1),
('SR00654', 'Sam Saven', NULL, '6d11291869bf393bf0f9f0326d55cb80', '2014-08-09 01:43:02', 1),
('SR00765', 'Yim Mengleang', NULL, '6d11291869bf393bf0f9f0326d55cb80', '2014-08-09 01:33:54', 1),
('SR02483', 'Ly Thaisan', NULL, '6d11291869bf393bf0f9f0326d55cb80', '2014-08-09 01:44:57', 1),
('SR02892', 'Ly Po', NULL, 'ba14e133e09d776ae1600c34885050d1', '2014-08-09 01:46:01', 1);

INSERT INTO `visitors` (`visiter_id`, `ip_address`, `student_id`, `post_id`, `visite_date`) VALUES
(1, '127.0.0.1', NULL, 1, '2014-08-09 13:48:17'),
(2, '127.0.0.1', NULL, 2, '2014-08-09 13:48:17'),
(3, '127.0.0.1', NULL, 3, '2014-08-09 13:48:17'),
(4, '127.0.0.1', NULL, 4, '2014-08-09 13:48:17'),
(5, '127.0.0.1', NULL, 5, '2014-08-09 13:48:17'),
(13, '127.0.0.1', NULL, 6, '2014-08-09 13:48:17'),
(14, '127.0.0.1', NULL, 7, '2014-08-09 13:48:17'),
(20, '127.0.0.1', NULL, 8, '2014-08-09 13:48:17'),
(28, '127.0.0.1', NULL, 9, '2014-08-09 13:48:17'),
(29, '127.0.0.1', NULL, 10, '2014-08-09 13:48:17'),
(36, '127.0.0.1', NULL, 11, '2014-08-09 13:48:17'),
(43, '127.0.0.1', NULL, 12, '2014-08-09 13:48:17'),
(67, '127.0.0.1', NULL, 13, '2014-08-09 13:48:17'),
(77, '127.0.0.1', NULL, 14, '2014-08-09 13:48:17'),
(79, '127.0.0.1', NULL, 15, '2014-08-09 13:48:17'),
(91, '127.0.0.1', NULL, 16, '2014-08-09 13:48:17'),
(119, '127.0.0.1', NULL, 17, '2014-08-09 13:48:17'),
(175, '127.0.0.1', NULL, 18, '2014-08-09 13:48:17'),
(191, '127.0.0.1', NULL, 19, '2014-08-09 13:48:17'),
(201, '127.0.0.1', NULL, 20, '2014-08-09 13:48:17'),
(208, '127.0.0.1', NULL, 21, '2014-08-09 13:48:17'),
(209, '127.0.0.1', NULL, 22, '2014-08-09 13:48:17'),
(217, '127.0.0.1', NULL, 23, '2014-08-09 13:48:17');